Year	Month	Land Δ(T) (C)	Ocean Δ(T) (C)	Ocean-Land Δ(T) (C)
1880	1	-0.750855	-0.26955	-0.381889
1880	2	-1.215493	-0.286615	-0.488308
1880	3	-1.313627	-0.210014	-0.456202
1880	4	-0.906708	-0.21754	-0.387541
1880	5	-0.647808	NaN	-0.423262
1880	6	-0.540352	-0.426008	-0.450535
1880	7	-0.581144	-0.391768	-0.432511
1880	8	-0.551437	-0.315417	-0.368139
1880	9	-0.735647	-0.296275	NaN
1880	10	-0.954795	-0.384309	-0.505425
1880	11	-1.20162	-0.334612	-0.522081
1880	12	NaN	-0.274358	-0.442003
1881	1	-1.035336	-0.232162	-0.408123
1881	2	-1.001979	-0.241878	-0.40492
1881	3	-0.766903	-0.182379	-0.310294
1881	4	-0.621256	-0.175446	-0.271703
1881	5	-0.480096	-0.244916	-0.302101
1881	6	-0.906349	-0.290397	-0.44238
1881	7	-0.62585	-0.294874	-0.373665
1881	8	-0.41661	-0.342943	-0.360321
1881	9	-0.720469	-0.371637	-0.452196
1881	10	-1.101939	-0.413805	-0.567977
1881	11	-1.247381	-0.344586	-0.546388
1881	12	-0.722831	-0.273812	-0.370326
1882	1	-0.412406	-0.186005	-0.234271
1882	2	-0.762217	-0.201393	-0.329318
1882	3	-0.786383	-0.253612	-0.371966
1882	4	-1.259143	-0.27511	-0.488527
1882	5	-0.98975	-0.320419	-0.469597
1882	6	-0.876647	-0.33764	-0.459432
1882	7	-0.790185	-0.326094	-0.426725
1882	8	-0.374482	-0.383678	-0.381567
1882	9	-0.577852	-0.329442	-0.38913
1882	10	-1.097181	-0.334594	-0.505105
1882	11	NaN	-0.302651	-0.430936
1882	12	-1.200734	-0.281223	-0.495416
1883	1	-1.700323	-0.281395	-0.598214
1883	2	-1.968181	-0.312235	-0.69908
1883	3	-1.230095	-0.335537	-0.541713
1883	4	-1.196812	-0.330943	-0.536987
1883	5	-0.96553	-0.35099	-0.490018
1883	6	-0.359904	-0.309615	-0.321267
1883	7	-0.628087	-0.347749	-0.408688
1883	8	-0.650442	-0.346794	-0.413636
1883	9	-0.776755	-0.374849	-0.463375
1883	10	-0.940919	-0.372629	-0.49544
1883	11	-1.137094	-0.352879	-0.526898
1883	12	-0.939948	-0.348462	-0.477514
1884	1	-1.024435	-0.412147	-0.55643
1884	2	-1.367488	-0.285858	-0.530664
1884	3	-1.502771	-0.395081	-0.647199
1884	4	-1.284751	-0.420137	-0.614981
1884	5	-1.002546	-0.426514	-0.551296
1884	6	-0.833255	-0.505065	-0.578295
1884	7	-0.995823	-0.515904	-0.623947
1884	8	-0.905393	-0.497178	-0.586226
1884	9	-1.034528	-0.444212	-0.576368
1884	10	-0.913656	-0.443828	-0.548571
1884	11	-1.169583	NaN	-0.631212
1884	12	-1.013121	-0.444496	-0.571903
1885	1	-1.888358	-0.45064	-0.771458
1885	2	-1.322272	-0.452817	-0.643175
1885	3	-1.081477	-0.486385	-0.614525
1885	4	-1.12757	-0.482282	-0.622993
1885	5	-1.008042	-0.525024	-0.630558
1885	6	-0.945626	-0.542287	-0.632861
1885	7	-0.789426	-0.49843	-0.563483
1885	8	-0.882116	-0.509322	-0.589982
1885	9	-0.771741	-0.493928	-0.555347
1885	10	-0.709307	-0.406162	-0.472155
1885	11	-0.538874	-0.392685	-0.425165
1885	12	-0.254259	-0.347012	-0.327549
1886	1	-0.969587	-0.363358	-0.501727
1886	2	-1.534464	-0.423613	-0.66726
1886	3	-1.3281	-0.453357	-0.649616
1886	4	-0.853823	-0.42168	-0.52228
1886	5	-0.851956	-0.414259	-0.514425
1886	6	-0.832189	-0.494482	-0.570808
1886	7	-0.492083	-0.512818	-0.507911
1886	8	-0.661739	-0.545491	-0.572128
1886	9	-0.663886	-0.534263	-0.564252
1886	10	-1.019323	-0.468778	-0.590807
1886	11	-0.98707	-0.435391	-0.565043
1886	12	-0.389535	-0.540876	-0.506618
1887	1	-1.570969	-0.634279	-0.841556
1887	2	-1.416519	-0.619104	-0.808874
1887	3	-0.841197	-0.50264	-0.57867
1887	4	-0.922814	-0.496224	-0.593633
1887	5	-0.605852	-0.577233	-0.584226
1887	6	-0.819968	-0.494294	-0.568767
1887	7	-0.62011	-0.524746	-0.546807
1887	8	-0.835129	-0.552848	-0.620847
1887	9	-0.497183	-0.521454	-0.515766
1887	10	-0.916651	-0.500486	-0.598737
1887	11	-0.533371	-0.45004	-0.468915
1887	12	-0.655969	-0.457406	-0.50503
1888	1	-1.241658	-0.460788	-0.648513
1888	2	-1.277502	-0.424792	-0.625197
1888	3	-1.351714	-0.446244	-0.654081
1888	4	-0.636268	-0.405692	-0.458662
1888	5	-0.846796	-0.372233	-0.484307
1888	6	-0.738708	-0.343088	-0.437028
1888	7	-0.48889	-0.40183	-0.421822
1888	8	-0.764056	-0.393236	-0.478573
1888	9	-0.560917	-0.335839	-0.391246
1888	10	-0.408615	-0.199335	-0.249455
1888	11	-0.68459	-0.206548	-0.323351
1888	12	-0.698594	-0.130021	-0.267898
1889	1	-1.083608	-0.114919	-0.347507
1889	2	-0.590008	-0.22312	-0.314011
1889	3	-0.428074	-0.165977	-0.227975
1889	4	-0.280278	-0.255128	-0.261031
1889	5	-0.686131	-0.257156	-0.360511
1889	6	-0.571072	-0.343067	-0.405468
1889	7	-0.497179	-0.410617	-0.43285
1889	8	-0.518177	-0.431477	-0.453598
1889	9	-0.684232	-0.479199	-0.531835
1889	10	-0.864614	-0.417711	-0.535916
1889	11	-1.131319	-0.377591	-0.573821
1889	12	-0.795182	-0.389104	-0.49074
1890	1	-1.123604	-0.503796	-0.656779
1890	2	-1.199867	-0.510683	-0.697037
1890	3	-1.122854	-0.531604	-0.690468
1890	4	-0.774779	-0.563623	-0.616796
1890	5	-1.13787	-0.581624	-0.724219
1890	6	-0.727132	-0.593782	-0.629055
1890	7	-0.451428	-0.63891	-0.590467
1890	8	-0.68377	-0.696367	-0.693181
1890	9	-0.75537	-0.701302	-0.715804
1890	10	-0.565097	-0.651538	-0.627506
1890	11	-1.160509	-0.581134	-0.734356
1890	12	-1.03469	-0.487403	-0.63033
1891	1	-1.268403	-0.504312	-0.710423
1891	2	-1.805985	-0.529058	-0.885513
1891	3	-0.884938	-0.482582	NaN
1891	4	-1.041615	-0.414526	-0.59396
1891	5	-0.830246	-0.389685	-0.507723
1891	6	-0.843519	-0.399224	-0.521032
1891	7	-0.599506	-0.434018	-0.481888
1891	8	-0.681823	-0.435386	-0.507131
1891	9	-0.486027	-0.424361	-0.441639
1891	10	-0.91375	-0.427497	-0.56117
1891	11	-1.127359	-0.506173	-0.674687
1891	12	-0.35529	NaN	-0.396285
1892	1	-1.043856	-0.378663	-0.557184
1892	2	-0.829418	-0.343836	-0.474844
1892	3	-1.231205	-0.422203	-0.629952
1892	4	-1.184198	-0.469466	-0.666316
1892	5	-0.855166	-0.495675	-0.598738
1892	6	-0.611211	-0.620259	-0.617756
1892	7	-0.605785	-0.726324	-0.689008
1892	8	-0.648061	-0.642588	-0.64411
1892	9	-0.529353	-0.505665	-0.512202
1892	10	-0.473341	-0.585446	-0.555324
1892	11	-1.373608	NaN	-0.765026
1892	12	-1.221785	-0.607693	-0.780807
1893	1	-2.388598	-0.533286	-1.046686
1893	2	-2.149398	-0.527977	-0.962415
1893	3	-0.742279	-0.518482	-0.577909
1893	4	-0.96939	-0.568154	-0.679694
1893	5	-0.955471	-0.53725	-0.653542
1893	6	-0.645443	-0.572116	-0.593319
1893	7	-0.436276	-0.544989	-0.514823
1893	8	-0.663213	-0.591899	-0.61152
1893	9	-0.44751	-0.544195	-0.518567
1893	10	-0.532437	-0.514923	-0.519853
1893	11	-0.354397	-0.505731	-0.464634
1893	12	-0.776686	-0.497436	-0.579117
1894	1	-1.202271	-0.549839	-0.73092
1894	2	-0.593234	-0.569037	-0.575717
1894	3	-0.61385	-0.634295	-0.628592
1894	4	-1.089257	-0.580614	-0.720083
1894	5	-0.700716	-0.651725	-0.665983
1894	6	-0.808052	-0.641956	-0.688062
1894	7	-0.640749	-0.567051	-0.58816
1894	8	-0.649252	-0.569847	-0.592155
1894	9	-0.64832	-0.509815	-0.547904
1894	10	-0.68594	-0.505449	-0.556064
1894	11	-0.876308	-0.515963	-0.619531
1894	12	-0.813506	-0.479141	-0.578471
1895	1	-1.601857	-0.417302	-0.75118
1895	2	-1.461622	-0.441366	-0.739408
1895	3	-0.947985	-0.572863	-0.686146
1895	4	-0.521477	-0.520874	-0.521055
1895	5	-0.772106	-0.53292	-0.601591
1895	6	-0.702672	-0.560053	-0.601331
1895	7	-0.572607	-0.495662	-0.518121
1895	8	-0.663538	-0.488616	-0.53874
1895	9	-0.459955	-0.451969	-0.454278
1895	10	-0.446992	-0.365715	-0.38697
1895	11	-0.560042	-0.409992	-0.451143
1895	12	-0.650155	-0.386787	-0.456996
1896	1	-0.646195	-0.40056	-0.465954
1896	2	-0.743727	-0.347329	-0.451077
1896	3	-1.256034	-0.329485	-0.584871
1896	4	-1.246275	-0.31736	-0.573453
1896	5	-0.647484	-0.381508	-0.460611
1896	6	-0.491829	-0.375864	-0.408013
1896	7	-0.402677	-0.31705	-0.340378
1896	8	-0.443362	-0.293972	-0.335743
1896	9	-0.522753	-0.254189	-0.331403
1896	10	-0.279097	-0.249281	-0.256971
1896	11	-1.138822	-0.170336	-0.423933
1896	12	-0.717108	-0.102902	-0.267236
1897	1	-1.100955	-0.193446	-0.445875
1897	2	-1.151373	NaN	-0.457572
1897	3	-1.478407	-0.127742	-0.495065
1897	4	-0.465489	-0.216183	-0.282429
1897	5	-0.306643	-0.325552	-0.320571
1897	6	-0.410666	-0.367177	-0.378685
1897	7	NaN	-0.359174	-0.315793
1897	8	-0.359596	-0.387744	-0.379742
1897	9	-0.189392	-0.382517	-0.332239
1897	10	-0.388772	-0.452684	-0.435733
1897	11	-0.655287	-0.485723	-0.530513
1897	12	-0.991333	-0.42847	-0.583363
1898	1	-0.18391	-0.376835	-0.326136
1898	2	-1.145134	-0.437284	-0.625173
1898	3	-2.203246	-0.584498	-1.030323
1898	4	-1.004144	-0.594562	-0.705098
1898	5	-0.819364	-0.513692	-0.589989
1898	6	-0.460129	-0.521848	-0.505594
1898	7	-0.485857	-0.532997	-0.520693
1898	8	-0.427495	-0.565699	-0.529448
1898	9	-0.504226	-0.50931	-0.507909
1898	10	-0.892633	-0.553063	-0.639955
1898	11	-0.734626	-0.53032	-0.585472
1898	12	-0.261784	-0.504669	-0.441259
1899	1	-0.520124	-0.436597	-0.45791
1899	2	-1.194557	-0.464428	-0.659684
1899	3	-1.175681	-0.491138	-0.674496
1899	4	-0.535566	-0.51721	-0.522007
1899	5	-0.593469	-0.46551	-0.496851
1899	6	-0.811813	-0.505869	-0.58521
1899	7	-0.50925	-0.454938	-0.46937
1899	8	-0.501728	-0.360056	-0.396094
1899	9	-0.233025	-0.363118	-0.330347
1899	10	-0.247461	-0.394362	-0.357115
1899	11	NaN	-0.350381	-0.170057
1899	12	-1.064284	-0.332269	-0.508193
1900	1	-1.551668	-0.344841	-0.662734
1900	2	-0.82979	-0.253586	-0.403923
1900	3	-0.543166	-0.337409	-0.391811
1900	4	-0.71903	-0.314348	-0.419057
1900	5	-0.342237	-0.407399	-0.390795
1900	6	-0.329511	-0.375034	-0.362942
1900	7	-0.403141	-0.37847	-0.384984
1900	8	-0.277968	-0.391305	-0.361807
1900	9	-0.319743	-0.347977	-0.340553
1900	10	0.054057	-0.276568	-0.193422
1900	11	-0.597428	-0.346842	-0.408754
1900	12	-0.29765	-0.332671	-0.324062
1901	1	-0.842172	-0.319568	-0.452378
1901	2	-0.798542	-0.318097	-0.439449
1901	3	-0.335033	-0.401134	-0.38412
1901	4	-0.36111	-0.389783	-0.382434
1901	5	-0.472847	-0.425732	-0.438075
1901	6	-0.261419	-0.438893	-0.391761
1901	7	-0.199817	-0.515212	-0.431536
1901	8	-0.279652	-0.551005	-0.47975
1901	9	-0.405483	-0.570629	NaN
1901	10	-0.664168	-0.565728	-0.591823
1901	11	-0.355126	-0.51641	-0.474235
1901	12	-0.874808	-0.515337	-0.611532
1902	1	-0.21583	-0.494576	-0.421806
1902	2	-0.094483	-0.511831	-0.396633
1902	3	-0.77892	-0.505581	-0.577142
1902	4	-0.999344	-0.460299	-0.601414
1902	5	-0.715901	-0.579908	-0.616218
1902	6	-0.598679	-0.621097	-0.615202
1902	7	-0.464143	-0.604519	-0.568278
1902	8	-0.568976	-0.595873	-0.588795
1902	9	-0.515109	-0.584665	-0.565395
1902	10	-0.700227	-0.520151	-0.569151
1902	11	-0.955065	-0.489232	-0.613079
1902	12	-1.257786	-0.496364	-0.703566
1903	1	-0.598688	-0.536414	-0.553869
1903	2	-0.20374	-0.508835	-0.429477
1903	3	-0.787995	-0.540252	-0.605813
1903	4	-0.928276	-0.60626	-0.692282
1903	5	-0.907404	-0.675312	-0.736126
1903	6	-0.793765	-0.670645	-0.702976
1903	7	-0.663759	-0.708932	-0.696916
1903	8	-0.637416	-0.780115	-0.740885
1903	9	-0.653755	NaN	-0.742764
1903	10	-0.873538	-0.750405	-0.783013
1903	11	-0.800251	-0.741182	-0.756728
1903	12	-1.092584	-0.703202	-0.80228
1904	1	-1.383895	-0.783197	-0.939666
1904	2	-1.201015	-0.821442	-0.921469
1904	3	-1.330958	-0.793519	-0.942628
1904	4	-1.080616	-0.75108	-0.841489
1904	5	-0.704639	-0.815244	-0.785882
1904	6	-0.699689	-0.783014	-0.760387
1904	7	-0.765338	-0.807064	-0.795591
1904	8	-0.627371	-0.780346	-0.73923
1904	9	-0.780554	-0.768259	-0.771541
1904	10	-0.781446	-0.67603	-0.705524
1904	11	0.065558	-0.643455	-0.446284
1904	12	-0.592724	-0.666299	-0.64677
1905	1	-0.749379	-0.648211	-0.676571
1905	2	-1.853679	-0.627939	-0.979567
1905	3	-1.285897	-0.556136	-0.760602
1905	4	-1.236084	-0.562248	-0.753269
1905	5	-0.678124	-0.561844	-0.593188
1905	6	-0.59121	-0.563227	-0.571137
1905	7	-0.468189	-0.551318	-0.528065
1905	8	-0.466067	-0.510422	-0.498134
1905	9	-0.421412	-0.538465	-0.504554
1905	10	-0.527792	-0.537692	-0.534842
1905	11	-0.041433	-0.483142	-0.364724
1905	12	-0.401943	-0.431086	-0.423156
1906	1	-0.697433	-0.37526	-0.464783
1906	2	-1.148601	-0.374865	-0.581971
1906	3	-0.847576	-0.427563	-0.54376
1906	4	-0.267826	-0.45397	NaN
1906	5	-0.366729	-0.627888	-0.555568
1906	6	-0.312554	-0.535421	-0.474188
1906	7	-0.435897	-0.554225	-0.520037
1906	8	-0.467511	-0.569855	-0.541457
1906	9	-0.509222	-0.597902	-0.572506
1906	10	-0.473677	-0.595392	-0.559532
1906	11	-0.785657	-0.564378	-0.627572
1906	12	-0.332118	-0.547282	-0.487889
1907	1	-1.105582	-0.543313	-0.694711
1907	2	-1.402072	-0.606551	-0.828005
1907	3	-1.087352	-0.515731	-0.680835
1907	4	-1.279222	-0.490394	-0.707598
1907	5	-1.301811	-0.603102	-0.795847
1907	6	-1.025971	-0.584733	-0.704835
1907	7	-0.750748	-0.604115	-0.646185
1907	8	-0.710656	-0.601919	-0.632612
1907	9	-0.653017	-0.650326	-0.651058
1907	10	-0.510868	-0.609206	-0.580416
1907	11	-1.110543	-0.638618	-0.768343
1907	12	-1.100955	-0.638721	-0.763011
1908	1	-0.764143	-0.679967	-0.704056
1908	2	-0.954908	-0.622942	-0.715947
1908	3	-1.591956	-0.700813	-0.945668
1908	4	-1.08059	-0.682246	-0.790765
1908	5	-0.659109	-0.742359	-0.718941
1908	6	-0.645786	-0.738236	-0.711247
1908	7	-0.480553	-0.763245	-0.682155
1908	8	-0.730068	-0.776266	-0.76286
1908	9	-0.433505	-0.770006	-0.669977
1908	10	-0.781508	-0.77609	-0.777591
1908	11	-0.927228	-0.735373	-0.788801
1908	12	-0.835241	-0.730144	-0.758333
1909	1	-1.410668	-0.722796	-0.909837
1909	2	-1.016762	-0.725538	-0.809825
1909	3	-1.208724	-0.741286	-0.873007
1909	4	-1.401943	-0.762696	-0.942431
1909	5	-1.046119	-0.733382	-0.823935
1909	6	-0.788272	-0.792537	-0.791326
1909	7	-0.645185	-0.816461	-0.770226
1909	8	-0.41041	-0.716527	-0.630635
1909	9	-0.460052	-0.704619	-0.635211
1909	10	-0.441142	-0.718042	-0.641735
1909	11	-0.040719	-0.771877	-0.568777
1909	12	-0.734308	-0.767101	-0.758268
1910	1	-0.605688	-0.710807	-0.682715
1910	2	-0.87929	-0.704184	-0.752584
1910	3	-1.110183	-0.77648	-0.872118
1910	4	-0.72332	-0.724292	-0.724001
1910	5	-0.654665	-0.648387	-0.650181
1910	6	-0.591724	-0.6969	-0.667011
1910	7	-0.321003	-0.748006	-0.625763
1910	8	-0.481696	-0.72845	-0.656668
1910	9	-0.586631	-0.686626	-0.657251
1910	10	-0.706409	-0.710509	-0.709324
1910	11	-0.876243	-0.727295	-0.768523
1910	12	-1.271315	-0.775103	-0.912369
1911	1	-1.233188	-0.736782	-0.871908
1911	2	-1.26166	-0.781735	-0.916491
1911	3	-1.407789	-0.788035	-0.957105
1911	4	-1.063632	-0.81452	-0.883852
1911	5	-0.877554	-0.847555	-0.855892
1911	6	-0.778921	-0.806738	-0.798728
1911	7	-0.679735	-0.80902	-0.772763
1911	8	-0.683012	-0.767368	-0.743663
1911	9	-0.651513	-0.702519	-0.686384
1911	10	-0.51878	-0.618404	-0.588897
1911	11	-0.451961	-0.557613	-0.527519
1911	12	-0.713567	-0.47339	-0.541939
1912	1	-0.855583	-0.503172	-0.600757
1912	2	-0.563258	-0.448935	-0.480279
1912	3	-1.353794	-0.41477	-0.675703
1912	4	-0.790122	-0.447439	-0.542719
1912	5	-0.540708	-0.520616	-0.526136
1912	6	-0.470425	-0.574481	-0.545253
1912	7	-0.802806	-0.603033	-0.657837
1912	8	-0.947393	-0.689217	-0.762357
1912	9	-1.016063	-0.739123	-0.819943
1912	10	-1.173539	-0.67384	-0.813574
1912	11	-0.772531	-0.679177	-0.705019
1912	12	-0.99173	-0.640852	-0.737335
1913	1	-0.931788	-0.579975	-0.67608
1913	2	-1.299523	-0.562199	-0.760134
1913	3	-1.311491	-0.638903	-0.817293
1913	4	-0.850497	-0.669123	-0.720501
1913	5	-0.95659	-0.64744	-0.730764
1913	6	-0.785485	-0.685027	-0.712503
1913	7	-0.466586	-0.675937	-0.619084
1913	8	-0.411431	-0.663146	-0.594854
1913	9	-0.546001	-0.658215	-0.627224
1913	10	-0.563155	-0.581466	-0.576519
1913	11	-0.123576	-0.561422	-0.440424
1913	12	-0.005699	-0.511449	-0.375685
1914	1	0.398253	-0.442568	-0.213187
1914	2	-0.43705	-0.465014	-0.457333
1914	3	-0.703698	-0.481575	-0.54132
1914	4	-0.757132	-0.527337	-0.589744
1914	5	-0.309479	-0.534058	-0.472977
1914	6	-0.345637	-0.571497	-0.509288
1914	7	-0.495006	-0.536319	-0.524883
1914	8	-0.554373	-0.48415	-0.504072
1914	9	-0.452209	-0.51712	-0.497379
1914	10	-0.297052	-0.408597	-0.376015
1914	11	-0.480377	-0.3279	-0.372322
1914	12	-0.671697	-0.320206	-0.42285
1915	1	-0.706906	-0.37881	-0.470607
1915	2	-0.412299	-0.316412	-0.344614
1915	3	-0.723778	-0.32663	-0.444151
1915	4	-0.258614	-0.317823	-0.301185
1915	5	-0.349314	-0.399361	-0.384551
1915	6	-0.538507	-0.429235	-0.462277
1915	7	-0.255331	-0.422737	-0.373502
1915	8	-0.405911	-0.42304	-0.417849
1915	9	-0.52032	-0.431922	-0.458107
1915	10	-0.691331	-0.427183	-0.504551
1915	11	-0.079987	-0.406745	-0.307515
1915	12	-0.438289	-0.452817	-0.448646
1916	1	-0.572622	-0.397939	-0.448479
1916	2	-0.759245	-0.398508	-0.509279
1916	3	-1.123666	-0.442785	-0.642393
1916	4	-0.802448	-0.503324	-0.594683
1916	5	-0.749514	-0.594247	-0.640736
1916	6	-0.888067	-0.642009	-0.719194
1916	7	-0.620809	-0.639322	-0.633695
1916	8	-0.681076	-0.591412	-0.617882
1916	9	-0.652719	-0.603407	-0.618082
1916	10	-0.608679	-0.522838	-0.548941
1916	11	-0.806663	-0.680387	-0.71795
1916	12	-1.625237	-0.667876	-0.965957
1917	1	-0.933799	-0.811947	-0.848766
1917	2	-1.382816	-0.699505	-0.919378
1917	3	-1.517948	-0.765419	-0.988705
1917	4	-1.089143	-0.682312	-0.804901
1917	5	-1.318675	-0.702898	-0.896141
1917	6	-0.893044	-0.634662	-0.714503
1917	7	-0.49876	-0.502587	-0.501378
1917	8	-0.642861	-0.390012	-0.473194
1917	9	-0.523617	-0.332132	-0.392291
1917	10	-0.902521	-0.470366	-0.596891
1917	11	-0.390732	-0.544497	-0.496176
1917	12	-1.711149	-0.471783	-0.874597
1918	1	-1.039657	-0.468939	-0.640704
1918	2	-1.128065	-0.531328	-0.719125
1918	3	-0.96611	-0.531827	-0.664982
1918	4	-1.20878	-0.559354	-0.769638
1918	5	-1.154395	-0.604104	-0.782686
1918	6	-0.820153	-0.595703	-0.667633
1918	7	-0.673023	-0.561614	-0.597113
1918	8	-0.675853	-0.568465	-0.602355
1918	9	-0.445897	-0.495922	-0.479752
1918	10	-0.221257	-0.459415	-0.380404
1918	11	-0.554974	-0.312516	-0.396246
1918	12	-1.29278	-0.361075	-0.670634
1919	1	-1.013919	-0.320756	-0.549468
1919	2	-0.691608	-0.338608	-0.451473
1919	3	-1.03342	-0.351793	-0.582666
1919	4	-0.368498	-0.40005	-0.389396
1919	5	-0.799206	-0.475065	-0.574655
1919	6	-0.586403	-0.59959	-0.595524
1919	7	-0.361355	-0.62928	-0.545071
1919	8	-0.453988	-0.663866	-0.595893
1919	9	-0.435006	-0.558763	-0.519159
1919	10	-0.456882	-0.529771	-0.507217
1919	11	-0.903473	-0.573722	-0.673447
1919	12	-0.978551	-0.626241	-0.732395
1920	1	-0.460945	-0.547541	-0.5219
1920	2	-1.11789	-0.470067	-0.662706
1920	3	-0.560065	-0.388637	-0.440444
1920	4	-0.703428	-0.442714	-0.523774
1920	5	-0.524268	-0.475583	-0.490004
1920	6	-0.719716	-0.506523	-0.57335
1920	7	-0.439048	-0.580546	-0.538512
1920	8	-0.573275	-0.520019	-0.535699
1920	9	-0.547377	-0.43166	-0.465521
1920	10	-0.630839	-0.442014	-0.496809
1920	11	-0.70615	-0.420497	-0.507526
1920	12	-1.484611	-0.462645	-0.757854
1921	1	-0.195774	-0.473741	-0.395402
1921	2	-0.636191	-0.46741	-0.516035
1921	3	-0.762089	-0.548468	-0.609977
1921	4	-0.60289	-0.521218	-0.545074
1921	5	-0.510471	-0.575667	-0.556903
1921	6	-0.353027	-0.541242	-0.486361
1921	7	-0.311674	-0.479275	-0.429825
1921	8	-0.683314	-0.451497	-0.517915
1921	9	-0.457834	-0.402831	-0.418672
1921	10	-0.383606	-0.297889	-0.322501
1921	11	-0.578736	-0.385058	-0.441372
1921	12	-0.477354	-0.40965	-0.428839
1922	1	-1.034755	-0.460521	-0.621012
1922	2	-1.167024	-0.44847	-0.647235
1922	3	-0.603182	-0.401481	-0.457895
1922	4	-0.458445	-0.495757	-0.485137
1922	5	-0.620969	-0.626066	-0.624624
1922	6	-0.427005	-0.641154	-0.58124
1922	7	-0.409886	-0.600913	-0.547253
1922	8	-0.584978	-0.601467	-0.596879
1922	9	-0.585876	-0.611278	-0.604218
1922	10	-0.532741	-0.544164	-0.540873
1922	11	-0.256923	-0.490506	-0.426537
1922	12	-0.586068	-0.508922	-0.529998
1923	1	-0.533848	-0.565824	-0.557174
1923	2	-1.205694	-0.586027	-0.759736
1923	3	-0.911582	-0.593492	-0.68171
1923	4	-1.232517	-0.512548	-0.71446
1923	5	-0.820143	-0.515722	-0.600288
1923	6	-0.546131	-0.557838	-0.554584
1923	7	-0.657829	-0.574521	-0.597751
1923	8	-0.643799	-0.618808	-0.625823
1923	9	-0.501327	-0.595527	-0.56973
1923	10	-0.24742	-0.533539	-0.453063
1923	11	-0.030656	-0.398952	-0.296092
1923	12	-0.344079	-0.333494	-0.336458
1924	1	-0.914232	-0.392507	-0.539196
1924	2	-0.800087	-0.421671	-0.525132
1924	3	-0.586093	-0.38452	-0.439842
1924	4	-0.944614	-0.411195	-0.561278
1924	5	-0.609705	-0.423691	-0.475265
1924	6	-0.529016	-0.521315	-0.523486
1924	7	-0.391364	-0.582377	-0.529807
1924	8	-0.547644	-0.634277	-0.609885
1924	9	-0.419927	-0.636204	-0.574359
1924	10	-0.471388	-0.618225	-0.575717
1924	11	-0.18555	-0.705815	-0.56366
1924	12	-0.865998	-0.696778	-0.744557
1925	1	-0.906052	-0.651558	-0.721738
1925	2	-1.012078	-0.619246	-0.727331
1925	3	-0.651309	-0.573074	-0.595106
1925	4	-0.419673	-0.545182	-0.509415
1925	5	-0.626653	-0.502648	-0.53837
1925	6	-0.686968	-0.502697	-0.555527
1925	7	-0.589186	-0.47824	-0.508992
1925	8	-0.43259	-0.461986	-0.453629
1925	9	-0.345045	-0.448053	-0.418465
1925	10	-0.518884	-0.398483	-0.433211
1925	11	0.001429	-0.319182	-0.227937
1925	12	0.101979	-0.342369	-0.216757
1926	1	0.140976	-0.312511	-0.188531
1926	2	-0.086849	-0.391409	-0.306259
1926	3	-0.118933	-0.367775	-0.298499
1926	4	-0.788035	-0.335082	-0.465139
1926	5	-0.694909	-0.349358	-0.446852
1926	6	-0.485619	-0.399398	-0.423677
1926	7	-0.542827	-0.463773	-0.485962
1926	8	-0.354709	-0.416721	-0.398702
1926	9	-0.314203	-0.418188	-0.38918
1926	10	-0.139526	-0.418808	-0.340436
1926	11	-0.162628	-0.41701	-0.345841
1926	12	-0.858175	-0.421132	-0.543329
1927	1	-0.915484	-0.406889	-0.552801
1927	2	-0.774957	-0.443555	-0.53481
1927	3	-1.083634	-0.495881	-0.655519
1927	4	-0.893173	-0.471069	-0.589794
1927	5	-0.682379	-0.493578	-0.545647
1927	6	-0.493022	-0.515824	-0.509479
1927	7	-0.321685	-0.474334	-0.43173
1927	8	-0.514213	-0.429327	-0.45333
1927	9	-0.108646	-0.456087	-0.359345
1927	10	0.144311	-0.418687	-0.261256
1927	11	-0.164635	-0.384751	-0.32387
1927	12	-1.05653	-0.437108	-0.612303
1928	1	-0.336864	-0.419626	-0.396282
1928	2	-0.65168	-0.445811	-0.504744
1928	3	-0.972039	-0.468715	-0.611998
1928	4	-0.775875	-0.495732	-0.573896
1928	5	-0.556648	-0.524592	-0.533556
1928	6	-0.673563	-0.551935	-0.586128
1928	7	-0.390609	-0.481481	-0.456124
1928	8	-0.476209	-0.504361	-0.496485
1928	9	-0.335224	-0.500449	-0.453335
1928	10	-0.241527	-0.499506	-0.426861
1928	11	-0.054722	-0.5019	-0.373942
1928	12	-0.425624	-0.542135	-0.508981
1929	1	-1.356437	-0.589343	-0.807722
1929	2	-1.690331	-0.597398	-0.910186
1929	3	-0.765059	-0.621902	-0.662462
1929	4	-0.833834	-0.593284	-0.662013
1929	5	-0.72649	-0.611148	-0.643228
1929	6	-0.851416	-0.599992	-0.670308
1929	7	-0.731387	-0.590003	-0.62994
1929	8	-0.527932	-0.549557	-0.543355
1929	9	-0.515808	-0.507491	-0.509866
1929	10	-0.198177	-0.497045	-0.411806
1929	11	-0.179912	-0.470733	-0.38877
1929	12	-1.746066	-0.511812	-0.86372
1930	1	-1.025773	-0.514106	-0.661674
1930	2	-0.733852	-0.517219	-0.57959
1930	3	-0.341496	-0.485693	-0.444061
1930	4	-0.781782	-0.451897	-0.545434
1930	5	-0.660719	-0.454922	-0.512674
1930	6	-0.464086	-0.450237	-0.454176
1930	7	-0.250893	-0.458001	-0.397477
1930	8	-0.293561	-0.429807	-0.390319
1930	9	-0.538078	-0.323947	-0.386143
1930	10	-0.370106	-0.264632	-0.293977
1930	11	0.097813	-0.217045	-0.126156
1930	12	-0.439247	-0.288384	-0.332272
1931	1	-0.483408	-0.300268	-0.351989
1931	2	-1.131773	-0.335498	-0.563229
1931	3	-0.544473	-0.309203	-0.376084
1931	4	-0.722917	-0.373088	-0.471496
1931	5	-0.729038	-0.371876	-0.472779
1931	6	-0.295641	-0.363285	-0.344148
1931	7	-0.103444	-0.40888	-0.319577
1931	8	-0.113913	-0.366542	-0.292476
1931	9	-0.06237	-0.372599	-0.284459
1931	10	0.172984	-0.408621	-0.239056
1931	11	-0.267632	-0.460087	-0.404999
1931	12	-0.336235	-0.453692	-0.421075
1932	1	0.410509	-0.398252	-0.170252
1932	2	-0.867042	-0.381587	-0.518627
1932	3	-0.983327	-0.379826	-0.549823
1932	4	-0.180643	-0.442948	-0.369035
1932	5	-0.594254	-0.449642	-0.489922
1932	6	-0.499403	-0.515501	-0.510909
1932	7	-0.289503	-0.527713	-0.459496
1932	8	-0.433114	-0.513956	-0.490477
1932	9	-0.089058	-0.477425	-0.366467
1932	10	-0.022397	-0.501986	-0.365849
1932	11	-0.499449	-0.489569	-0.492414
1932	12	-0.745969	-0.488597	-0.560227
1933	1	-1.005329	-0.451375	-0.605622
1933	2	-1.231813	-0.443543	-0.666464
1933	3	-0.990454	-0.502047	-0.636696
1933	4	-0.801492	-0.449209	-0.550714
1933	5	-0.662518	-0.528293	-0.566543
1933	6	-0.642196	-0.554301	-0.580523
1933	7	-0.422701	-0.534588	-0.502563
1933	8	-0.440046	-0.538968	-0.510788
1933	9	-0.548283	-0.541415	-0.543437
1933	10	-0.344062	-0.517844	-0.467952
1933	11	-0.369089	-0.582302	-0.522211
1933	12	-1.138837	-0.582082	-0.737323
1934	1	-0.79308	-0.545346	-0.614657
1934	2	-0.061786	-0.567139	-0.421451
1934	3	-0.995287	-0.552372	-0.677833
1934	4	-0.901091	-0.485396	-0.604448
1934	5	-0.171877	-0.474372	-0.388017
1934	6	-0.366972	-0.347954	-0.353639
1934	7	-0.314341	-0.398938	-0.374472
1934	8	-0.34005	-0.351065	-0.347807
1934	9	-0.615212	-0.323867	-0.409024
1934	10	-0.198156	-0.351967	-0.307113
1934	11	0.020025	-0.352928	-0.246194
1934	12	-0.335593	-0.364666	-0.3563
1935	1	-0.987568	-0.444393	-0.601033
1935	2	0.424085	-0.420727	-0.178029
1935	3	-0.487291	-0.52298	-0.51311
1935	4	-1.096915	-0.436584	-0.628357
1935	5	-0.72968	-0.470581	-0.545683
1935	6	-0.539877	-0.505184	-0.515159
1935	7	-0.327515	-0.513339	-0.458482
1935	8	-0.391964	-0.477942	-0.453577
1935	9	-0.329203	-0.46254	-0.424674
1935	10	-0.122259	-0.369965	-0.300709
1935	11	-0.99736	-0.357048	-0.541632
1935	12	-0.784539	-0.37083	-0.486588
1936	1	-0.999544	-0.429689	-0.587017
1936	2	-1.277121	-0.396827	-0.641896
1936	3	-0.775988	-0.433695	-0.528844
1936	4	-0.792034	-0.40017	-0.510216
1936	5	-0.408223	-0.4555	-0.442009
1936	6	-0.424988	-0.481291	-0.46563
1936	7	-0.044545	-0.474344	-0.351434
1936	8	-0.296989	-0.415278	-0.381792
1936	9	-0.332519	-0.368574	-0.358545
1936	10	-0.118711	-0.352602	-0.285942
1936	11	-0.089613	-0.368073	-0.290243
1936	12	-0.222758	-0.386088	-0.339906
1937	1	-0.913929	-0.334787	-0.498245
1937	2	-0.278218	-0.323527	-0.310878
1937	3	-1.02116	-0.349219	-0.535449
1937	4	-0.790831	-0.335747	-0.464511
1937	5	-0.304108	-0.367085	-0.34912
1937	6	-0.140343	-0.344909	-0.286598
1937	7	-0.291424	-0.307443	-0.302934
1937	8	-0.166003	-0.249094	-0.225612
1937	9	0.021097	-0.215294	-0.146386
1937	10	0.088895	-0.280044	-0.174212
1937	11	-0.054736	-0.257942	-0.200134
1937	12	-0.708083	-0.286832	-0.406267
1938	1	-0.241688	-0.319767	-0.298003
1938	2	-0.365824	-0.354029	-0.357327
1938	3	-0.21061	-0.36708	-0.324191
1938	4	0.069594	-0.393444	-0.25993
1938	5	-0.217986	-0.417223	-0.36056
1938	6	-0.454976	-0.419738	-0.429865
1938	7	-0.223029	-0.433427	-0.373891
1938	8	-0.207234	-0.407723	-0.351071
1938	9	0.021608	-0.400264	-0.27724
1938	10	0.121464	-0.32422	-0.195482
1938	11	0.143435	-0.41321	-0.256755
1938	12	-0.708832	-0.460263	-0.530465
1939	1	-0.24074	-0.50493	-0.430929
1939	2	-0.464069	-0.428207	-0.438279
1939	3	-0.880869	-0.400263	-0.533733
1939	4	-0.651891	-0.360484	-0.442885
1939	5	-0.234414	-0.392604	-0.347617
1939	6	-0.252169	-0.351345	-0.322917
1939	7	-0.22307	-0.348268	-0.31153
1939	8	-0.181794	-0.288061	-0.255693
1939	9	-0.342199	-0.258787	-0.284444
1939	10	-0.403088	-0.216362	-0.276483
1939	11	-0.169301	-0.201927	-0.191814
1939	12	0.795096	-0.120642	0.163305
1940	1	-0.885613	-0.058218	-0.310655
1940	2	-0.40067	-0.130098	-0.213519
1940	3	-0.471389	-0.167644	-0.262763
1940	4	-0.204082	-0.117018	-0.146025
1940	5	-0.417143	-0.099976	-0.195774
1940	6	-0.24656	-0.166896	-0.191617
1940	7	-0.118345	-0.150376	-0.140409
1940	8	-0.279758	-0.121066	-0.168974
1940	9	-0.035999	-0.117865	-0.092616
1940	10	-0.143587	-0.096179	-0.110625
1940	11	-0.252092	0.008413	-0.071476
1940	12	-0.018212	0.034078	0.017776
1941	1	-0.390233	0.099631	-0.052977
1941	2	-0.220809	0.100536	-0.000626
1941	3	-0.539091	-0.025365	-0.180611
1941	4	-0.259141	0.035083	-0.056806
1941	5	-0.224456	0.039155	-0.043876
1941	6	-0.137154	-0.03914	-0.068938
1941	7	-0.02154	-0.026289	-0.024858
1941	8	-0.101368	-0.042452	-0.060107
1941	9	-0.42751	-0.020922	-0.145659
1941	10	0.102928	0.177102	0.154338
1941	11	-0.38186	0.216658	0.040022
1941	12	-0.512889	0.130093	-0.076403
1942	1	-0.080579	-0.003655	-0.027749
1942	2	-0.796154	-0.048507	-0.277249
1942	3	-0.521406	-0.087073	-0.216101
1942	4	-0.456968	-0.053148	-0.177106
1942	5	-0.405575	-0.093556	-0.190058
1942	6	-0.190345	-0.153015	-0.16482
1942	7	-0.363395	-0.233854	-0.274261
1942	8	-0.344318	-0.282586	-0.301928
1942	9	-0.178195	-0.2801	-0.248088
1942	10	-0.058458	-0.278942	-0.20706
1942	11	0.019532	-0.284459	-0.192055
1942	12	-0.31067	-0.189101	-0.226555
1943	1	-0.800302	-0.150087	-0.353301
1943	2	-0.213172	-0.241534	-0.232624
1943	3	-0.65332	-0.265873	-0.385285
1943	4	-0.225662	-0.229948	-0.228528
1943	5	-0.208386	-0.242691	-0.231742
1943	6	-0.632032	-0.208811	-0.344824
1943	7	-0.26866	-0.165284	-0.198616
1943	8	-0.396705	-0.145637	-0.226267
1943	9	-0.246904	-0.155849	-0.184274
1943	10	0.204334	-0.107455	-0.006321
1943	11	-0.131848	-0.051657	-0.077436
1943	12	0.126154	-0.111797	-0.035666
1944	1	0.37637	-0.065231	0.074039
1944	2	-0.142603	-0.029947	-0.065462
1944	3	-0.181013	0.064739	-0.01161
1944	4	-0.446132	0.073564	-0.087929
1944	5	-0.304136	0.026391	-0.079614
1944	6	-0.214373	0.073061	-0.017311
1944	7	-0.120657	0.068108	0.006598
1944	8	-0.128354	0.022383	-0.026974
1944	9	0.156609	0.049153	0.083845
1944	10	0.159904	-0.00758	0.046175
1944	11	-0.340331	-0.049561	-0.143037
1944	12	-0.740409	0.05322	-0.20963
1945	1	-0.596324	0.054668	-0.151581
1945	2	-1.135019	0.108676	-0.286434
1945	3	-0.668137	-0.063093	-0.256994
1945	4	-0.219381	0.048779	-0.040992
1945	5	-0.492402	0.02098	-0.15158
1945	6	-0.387459	-0.076156	-0.179829
1945	7	-0.382893	-0.062436	-0.170304
1945	8	0.114935	0.031834	0.059384
1945	9	-0.10587	0.024986	-0.021523
1945	10	0.000307	0.00772	0.005197
1945	11	-0.258043	-0.003007	-0.09164
1945	12	-0.959239	-0.042694	-0.343977
1946	1	-0.090218	-0.063561	-0.072486
1946	2	-0.185269	-0.210262	-0.202445
1946	3	-0.625517	-0.197562	-0.331512
1946	4	-0.034425	-0.23096	-0.17041
1946	5	-0.395417	-0.330577	-0.35013
1946	6	-0.568783	-0.410888	-0.459745
1946	7	-0.286894	-0.414516	-0.376118
1946	8	-0.307045	-0.460457	-0.414723
1946	9	-0.293696	-0.308924	-0.304283
1946	10	-0.257819	-0.274889	-0.269764
1946	11	-0.175203	-0.370422	-0.31127
1946	12	-1.128653	-0.418721	-0.622076
1947	1	-0.72904	-0.377721	-0.48067
1947	2	-0.638107	-0.324339	-0.411634
1947	3	-0.176091	-0.39166	-0.327912
1947	4	-0.192615	-0.30792	-0.273425
1947	5	-0.378664	-0.325505	-0.341526
1947	6	-0.320573	-0.273043	-0.287393
1947	7	-0.343838	-0.329509	-0.333744
1947	8	-0.351317	-0.37773	-0.369943
1947	9	-0.217198	-0.475148	-0.396058
1947	10	0.25802	-0.424884	-0.216056
1947	11	-0.086631	-0.359588	-0.279009
1947	12	-0.578172	-0.422542	-0.46786
1948	1	0.197178	-0.434627	-0.251397
1948	2	-0.514385	-0.408192	-0.43852
1948	3	-0.860337	-0.413365	-0.543989
1948	4	-0.406001	-0.370535	-0.381033
1948	5	-0.171719	-0.299514	-0.261204
1948	6	-0.218078	-0.362156	-0.319395
1948	7	-0.229465	-0.413568	-0.35946
1948	8	-0.252234	-0.382979	-0.344535
1948	9	-0.2048	-0.464117	-0.386037
1948	10	-0.087157	-0.428481	-0.32715
1948	11	-0.185917	-0.412787	-0.344978
1948	12	-0.629778	-0.362611	-0.440344
1949	1	0.072702	-0.304015	-0.197647
1949	2	-0.892729	-0.312648	-0.481629
1949	3	-0.684471	-0.300014	-0.407901
1949	4	-0.419344	-0.323304	-0.350474
1949	5	-0.276576	-0.378966	-0.349219
1949	6	-0.537917	-0.467269	-0.487749
1949	7	-0.437653	-0.375028	-0.393344
1949	8	-0.282431	-0.404199	-0.3687
1949	9	-0.400625	-0.393309	-0.395436
1949	10	-0.177611	-0.397999	-0.333792
1949	11	-0.184224	-0.43132	-0.359743
1949	12	-0.790689	-0.40368	-0.513022
1950	1	-1.181979	-0.384887	-0.605914
1950	2	-0.955987	-0.420921	-0.572331
1950	3	-0.641143	-0.383286	-0.453816
1950	4	-0.774037	-0.405298	-0.512482
1950	5	-0.40929	-0.35503	-0.370475
1950	6	-0.456732	-0.323331	-0.362724
1950	7	-0.559402	-0.329825	-0.395234
1950	8	-0.661326	-0.329139	-0.424902
1950	9	-0.362009	-0.36624	-0.36503
1950	10	-0.47461	-0.417022	-0.433835
1950	11	-1.074756	-0.434238	-0.617604
1950	12	-0.595057	-0.449547	-0.488894
1951	1	-0.992748	-0.444477	-0.59746
1951	2	-1.475989	-0.447205	-0.730143
1951	3	-0.778043	-0.397675	-0.504261
1951	4	-0.568111	-0.355728	-0.416687
1951	5	-0.225556	-0.265045	-0.253372
1951	6	-0.452147	-0.200096	-0.273317
1951	7	-0.24358	-0.167023	-0.189426
1951	8	-0.187254	-0.173007	-0.177162
1951	9	0.065268	-0.18397	-0.112959
1951	10	-0.029027	-0.183768	-0.138859
1951	11	-0.265898	-0.244889	-0.250913
1951	12	0.147727	-0.214489	-0.11333
1952	1	-0.107977	-0.224018	-0.191825
1952	2	-0.429583	-0.161771	-0.234532
1952	3	-0.835907	-0.194171	-0.369196
1952	4	-0.405249	-0.186634	-0.248943
1952	5	-0.351726	-0.250846	-0.280211
1952	6	-0.329372	-0.247973	-0.27168
1952	7	-0.136707	-0.276791	-0.235534
1952	8	-0.233857	-0.231532	-0.232206
1952	9	-0.089991	-0.209857	NaN
1952	10	-0.440807	-0.18314	-0.25787
1952	11	-0.969703	-0.196281	-0.421961
1952	12	-0.561271	-0.212729	-0.311453
1953	1	-0.205261	-0.237656	-0.22867
1953	2	-0.104467	-0.183261	-0.161352
1953	3	-0.032629	-0.209943	-0.160562
1953	4	-0.093693	-0.0976	-0.096455
1953	5	-0.202338	-0.131478	-0.15194
1953	6	-0.151704	-0.135087	-0.140002
1953	7	-0.214205	-0.190569	-0.197543
1953	8	-0.138466	-0.210539	-0.189316
1953	9	-0.089029	-0.229309	-0.188277
1953	10	-0.013996	-0.210497	-0.153487
1953	11	-0.472876	-0.230786	-0.300252
1953	12	-0.170905	-0.268743	-0.241225
1954	1	-1.096443	-0.286564	-0.515314
1954	2	-0.690994	-0.278181	-0.395529
1954	3	NaN	-0.339448	-0.446077
1954	4	-0.732814	-0.348822	-0.459772
1954	5	-0.752765	-0.390299	-0.495767
1954	6	-0.404573	-0.42351	-0.417983
1954	7	-0.391004	-0.45052	-0.432991
1954	8	-0.2373	-0.453673	-0.392239
1954	9	-0.170551	-0.400007	-0.333244
1954	10	-0.105156	NaN	-0.315691
1954	11	0.168898	-0.390994	-0.230676
1954	12	-0.67171	-0.453418	-0.51418
1955	1	0.251594	-0.336877	-0.172876
1955	2	-0.541419	-0.401258	-0.44066
1955	3	-1.257148	-0.42147	-0.653981
1955	4	-0.902551	-0.422814	-0.562083
1955	5	-0.484835	-0.454016	-0.463044
1955	6	-0.330496	-0.472149	-0.430311
1955	7	-0.463203	-0.387005	-0.409743
1955	8	-0.148169	-0.395929	-0.323822
1955	9	-0.272817	-0.407738	-0.36862
1955	10	-0.125114	-0.502131	-0.392405
1955	11	-0.533483	-0.492618	-0.504351
1955	12	-0.880596	-0.47569	-0.588693
1956	1	-0.818084	-0.324459	-0.459271
1956	2	-1.108738	-0.379587	-0.579115
1956	3	-0.941209	-0.384824	-0.534238
1956	4	-0.964837	-0.463454	-0.609048
1956	5	-0.805609	-0.476106	-0.571535
1956	6	-0.558258	-0.424976	-0.463689
1956	7	-0.489183	-0.398905	-0.425212
1956	8	-0.677965	-0.386109	-0.472371
1956	9	-0.662697	-0.431175	-0.498693
1956	10	-0.596967	-0.402246	-0.457312
1956	11	-0.651735	-0.352709	-0.438107
1956	12	-0.836521	-0.304936	-0.451658
1957	1	-0.737632	-0.278601	-0.4046
1957	2	-0.849383	-0.240138	-0.407586
1957	3	-0.827744	-0.249132	-0.407714
1957	4	-0.724836	-0.153927	-0.317301
1957	5	-0.460379	-0.085089	-0.194271
1957	6	-0.217791	-0.125328	-0.152092
1957	7	-0.43824	-0.107975	-0.204486
1957	8	-0.228269	-0.105192	-0.141255
1957	9	-0.12275	-0.164595	-0.152452
1957	10	-0.260242	-0.23252	-0.240333
1957	11	-0.060348	-0.20991	-0.167368
1957	12	0.183686	-0.237049	-0.122084
1958	1	0.346715	-0.12292	0.003923
1958	2	-0.106151	-0.126367	-0.120776
1958	3	-0.403301	-0.126654	-0.202816
1958	4	-0.352347	-0.179381	-0.227967
1958	5	-0.213396	-0.24075	-0.23296
1958	6	-0.401823	-0.176074	-0.240965
1958	7	-0.202961	-0.215597	-0.211908
1958	8	-0.296527	-0.170542	-0.206753
1958	9	-0.390464	-0.171189	-0.235138
1958	10	-0.225997	-0.183648	-0.195954
1958	11	-0.086561	-0.256847	-0.208169
1958	12	-0.188485	-0.187029	-0.187435
1959	1	-0.190325	-0.154874	-0.164639
1959	2	-0.435267	-0.189833	-0.256897
1959	3	0.050162	-0.21815	-0.144781
1959	4	-0.192799	-0.22408	-0.214976
1959	5	-0.464183	-0.182991	-0.265748
1959	6	-0.148193	-0.235495	-0.209755
1959	7	-0.163392	-0.247338	-0.222739
1959	8	-0.232477	-0.21996	-0.223575
1959	9	-0.130095	-0.191293	-0.173687
1959	10	-0.388871	-0.219468	-0.267473
1959	11	-0.578119	-0.237453	-0.335705
1959	12	-0.454128	-0.267199	-0.318899
1960	1	-0.354292	-0.248158	-0.277321
1960	2	0.165955	-0.243637	-0.132462
1960	3	-1.26155	-0.262501	-0.534692
1960	4	-0.68025	-0.28804	-0.398277
1960	5	-0.814667	-0.194421	-0.372564
1960	6	-0.190093	-0.252132	-0.233841
1960	7	-0.363127	-0.201795	-0.248157
1960	8	-0.252239	-0.189174	-0.207593
1960	9	-0.176058	-0.174509	-0.174955
1960	10	-0.196039	-0.212396	-0.207654
1960	11	-0.487932	-0.25256	-0.318929
1960	12	0.212146	-0.169986	-0.064112
1961	1	-0.101916	-0.219169	-0.187353
1961	2	-0.087662	-0.162475	-0.142336
1961	3	-0.115466	-0.214558	-0.18765
1961	4	-0.273399	-0.152057	-0.186536
1961	5	-0.144945	-0.16159	-0.15677
1961	6	-0.176867	-0.165849	-0.169043
1961	7	-0.265003	-0.221503	-0.234059
1961	8	-0.273006	-0.235449	-0.246047
1961	9	-0.23221	-0.256682	-0.249639
1961	10	-0.439847	-0.228721	-0.289018
1961	11	-0.190765	-0.258578	-0.239952
1961	12	-0.609465	-0.245159	-0.345054
1962	1	-0.06523	-0.243904	-0.195515
1962	2	0.003499	-0.24145	-0.174505
1962	3	-0.189377	-0.194461	-0.193077
1962	4	-0.264963	-0.218036	-0.231312
1962	5	-0.385644	-0.21001	-0.260965
1962	6	-0.47877	-0.205427	-0.28457
1962	7	-0.290117	-0.138023	-0.182468
1962	8	-0.331478	-0.180079	-0.223848
1962	9	-0.244333	-0.168904	-0.1904
1962	10	-0.052085	-0.192722	-0.15239
1962	11	-0.057092	-0.239322	-0.188017
1962	12	-0.101738	-0.274311	-0.226142
1963	1	-0.251919	-0.265313	-0.2617
1963	2	0.415145	-0.251153	-0.070383
1963	3	-0.490766	-0.331204	-0.375678
1963	4	-0.623952	-0.189821	-0.310946
1963	5	-0.573857	-0.177046	-0.291454
1963	6	-0.437902	-0.207766	-0.274621
1963	7	-0.092725	-0.204305	-0.17134
1963	8	-0.073138	-0.136424	-0.118063
1963	9	0.068747	-0.182641	-0.110205
1963	10	0.392983	-0.220912	-0.043782
1963	11	0.221263	-0.183368	-0.068887
1963	12	-0.307242	-0.215564	-0.240627
1964	1	-0.296979	-0.30744	-0.304587
1964	2	-0.689115	-0.299753	-0.40601
1964	3	-0.818732	-0.395955	-0.512185
1964	4	-0.811349	-0.432125	-0.538259
1964	5	-0.484961	-0.386627	-0.414874
1964	6	-0.499681	-0.34699	-0.391043
1964	7	-0.421559	-0.362365	-0.379457
1964	8	-0.480995	-0.447107	-0.456857
1964	9	-0.545729	-0.446925	-0.474738
1964	10	-0.705668	-0.449539	-0.521835
1964	11	-0.397685	-0.521934	-0.487396
1964	12	-0.785108	-0.508491	-0.583627
1965	1	-0.303231	-0.417125	-0.385839
1965	2	-0.87231	-0.395394	-0.526489
1965	3	-0.608252	-0.383853	-0.445077
1965	4	-0.873982	-0.374707	-0.513791
1965	5	-0.485467	-0.368749	-0.402075
1965	6	-0.403829	-0.344491	-0.361616
1965	7	-0.430015	-0.351864	-0.374575
1965	8	-0.455978	-0.307668	-0.350146
1965	9	-0.411218	-0.276534	-0.314977
1965	10	-0.073998	-0.319058	-0.250446
1965	11	-0.49053	-0.284232	-0.34161
1965	12	-0.392091	-0.321758	-0.340981
1966	1	-0.567199	-0.298741	-0.371953
1966	2	-0.533388	-0.310139	-0.371543
1966	3	-0.404254	-0.315566	-0.339739
1966	4	-0.734177	-0.279254	-0.407914
1966	5	-0.411755	-0.346849	-0.364985
1966	6	-0.15208	-0.286156	-0.247347
1966	7	-0.099779	-0.247461	-0.204767
1966	8	-0.18865	-0.276837	-0.251204
1966	9	-0.160095	-0.305124	-0.264264
1966	10	-0.356071	-0.329818	-0.337175
1966	11	-0.405915	-0.267333	-0.306232
1966	12	-0.912417	-0.228755	-0.417581
1967	1	-0.620971	-0.335289	-0.412515
1967	2	-0.878762	-0.380931	-0.516451
1967	3	-0.432074	-0.2973	-0.334057
1967	4	-0.326595	-0.329849	-0.328948
1967	5	-0.046072	-0.226782	-0.176338
1967	6	-0.541605	-0.272545	-0.349403
1967	7	-0.376567	-0.274006	-0.303593
1967	8	-0.392566	-0.246498	-0.287732
1967	9	-0.343669	-0.300874	-0.31321
1967	10	0.308784	-0.292916	-0.121544
1967	11	-0.145278	-0.337004	-0.282637
1967	12	-0.324827	-0.371336	-0.358529
1968	1	-0.758612	-0.432155	-0.519582
1968	2	-0.553664	-0.419474	-0.456212
1968	3	0.348193	-0.410837	-0.203931
1968	4	-0.486661	-0.370937	-0.403197
1968	5	-0.599748	-0.343574	-0.415008
1968	6	-0.55934	-0.262895	-0.346382
1968	7	-0.422201	-0.275672	-0.317178
1968	8	-0.454995	-0.225501	-0.290995
1968	9	-0.459254	-0.21345	-0.283391
1968	10	-0.322182	-0.170636	-0.21363
1968	11	-0.438866	-0.204709	-0.26997
1968	12	-0.917321	-0.156483	-0.366083
1969	1	-1.460142	-0.031578	-0.412803
1969	2	-1.369411	-0.063211	-0.420523
1969	3	-0.570175	-0.109275	-0.237418
1969	4	-0.351702	-0.075017	-0.151541
1969	5	-0.339757	-0.058937	-0.137426
1969	6	-0.363777	-0.188946	-0.239068
1969	7	-0.148171	-0.216449	-0.197508
1969	8	-0.271687	-0.152901	-0.18666
1969	9	-0.315665	-0.150193	-0.196415
1969	10	-0.245756	-0.151579	-0.178286
1969	11	0.165519	-0.16315	-0.072403
1969	12	0.040975	-0.092154	-0.056047
1970	1	-0.332799	-0.121534	-0.178009
1970	2	0.074334	-0.169761	-0.103894
1970	3	-0.643774	-0.171129	-0.297716
1970	4	-0.241175	-0.190292	-0.204338
1970	5	-0.369552	-0.237605	-0.274405
1970	6	-0.188023	-0.305736	-0.272606
1970	7	-0.165843	-0.324005	-0.279076
1970	8	-0.289462	-0.271151	-0.276384
1970	9	-0.218286	-0.254832	-0.244416
1970	10	-0.419885	-0.232147	-0.284732
1970	11	-0.252866	-0.228424	-0.235169
1970	12	-0.663266	-0.313234	-0.407731
1971	1	-0.292357	-0.316648	-0.31003
1971	2	-0.861022	-0.403281	-0.52712
1971	3	-0.654149	-0.388671	-0.461101
1971	4	-0.6033	-0.37304	-0.435715
1971	5	-0.466922	-0.374006	-0.400526
1971	6	-0.499074	-0.418787	-0.441559
1971	7	-0.330676	-0.340268	-0.337579
1971	8	-0.314126	-0.350159	-0.339896
1971	9	-0.134412	-0.39307	-0.320346
1971	10	-0.239172	-0.386121	-0.345738
1971	11	0.138703	-0.403055	-0.252095
1971	12	-0.276224	-0.421202	-0.381841
1972	1	-1.303338	-0.294118	-0.563634
1972	2	-1.25607	-0.214547	-0.492912
1972	3	-0.500883	-0.266154	-0.329404
1972	4	-0.423936	-0.206864	-0.265693
1972	5	-0.440835	-0.24834	-0.302635
1972	6	-0.253908	-0.237714	-0.242289
1972	7	-0.321615	-0.19072	-0.227574
1972	8	-0.223666	-0.182557	-0.1943
1972	9	-0.462458	-0.175936	-0.25627
1972	10	-0.276826	-0.133779	-0.173051
1972	11	-0.469539	-0.095448	-0.198398
1972	12	-0.286989	0.009214	-0.070866
1973	1	-0.123554	-0.011016	-0.041319
1973	2	0.330308	-0.026385	0.069247
1973	3	0.274798	-0.081038	0.014915
1973	4	0.059526	-0.083753	-0.044337
1973	5	-0.024362	-0.121966	-0.094772
1973	6	0.145762	-0.168419	-0.082027
1973	7	-0.031144	-0.185483	-0.142919
1973	8	-0.124447	-0.196955	-0.176749
1973	9	-0.184029	-0.184727	-0.18453
1973	10	-0.114865	-0.230295	-0.198293
1973	11	-0.222339	-0.253285	-0.244766
1973	12	-0.152301	-0.36277	-0.305717
1974	1	-1.026902	-0.318228	-0.507874
1974	2	-1.127254	-0.386468	-0.583924
1974	3	-0.427879	-0.375042	-0.389214
1974	4	-0.36359	-0.391071	-0.383521
1974	5	-0.43411	-0.31229	-0.346239
1974	6	-0.411874	-0.32923	-0.352572
1974	7	-0.205951	-0.307056	-0.278633
1974	8	-0.323413	-0.230869	-0.257023
1974	9	-0.418069	-0.250314	-0.297665
1974	10	-0.499556	-0.27095	-0.334534
1974	11	-0.462892	-0.292294	-0.340218
1974	12	-0.743655	-0.310715	-0.427833
1975	1	-0.022194	-0.278883	-0.208819
1975	2	-0.355873	-0.257975	-0.284325
1975	3	-0.090855	-0.29109	-0.236027
1975	4	-0.158791	-0.288368	-0.252813
1975	5	-0.149749	-0.285441	-0.247659
1975	6	-0.134096	-0.31061	-0.260453
1975	7	-0.17162	-0.307418	-0.268687
1975	8	-0.361273	-0.330979	-0.339478
1975	9	-0.030465	-0.331405	-0.247924
1975	10	-0.329033	-0.40821	-0.385823
1975	11	-0.40598	-0.446302	-0.435143
1975	12	-0.35737	-0.455516	-0.42899
1976	1	-0.136439	-0.408458	-0.33525
1976	2	-0.691169	-0.371444	-0.458165
1976	3	-1.177562	-0.347632	-0.576588
1976	4	-0.347174	-0.333686	-0.337434
1976	5	-0.540866	-0.409864	-0.446503
1976	6	-0.548844	-0.335776	-0.39627
1976	7	-0.486094	-0.328765	-0.374066
1976	8	-0.472243	-0.291703	-0.342551
1976	9	-0.293773	-0.307587	-0.30366
1976	10	-1.039964	-0.227041	-0.455537
1976	11	-0.668898	-0.166142	-0.307653
1976	12	-0.571787	-0.093266	-0.225806
1977	1	-0.885389	0.066591	-0.187735
1977	2	-0.163468	-0.049417	-0.08008
1977	3	0.15856	-0.120265	-0.044135
1977	4	0.135191	-0.113493	-0.044374
1977	5	0.046367	-0.102358	-0.060936
1977	6	0.128258	-0.11114	-0.044419
1977	7	-0.044359	-0.137477	-0.110909
1977	8	-0.174331	-0.128571	-0.141377
1977	9	-0.074976	-0.103799	-0.095754
1977	10	-0.246468	-0.106166	-0.14563
1977	11	0.332444	-0.156639	-0.020853
1977	12	-0.358936	-0.163609	-0.217167
1978	1	-0.234952	-0.122095	-0.152381
1978	2	-0.276296	-0.158591	-0.190504
1978	3	-0.034329	-0.155813	-0.123379
1978	4	-0.145073	-0.220689	-0.199905
1978	5	-0.332264	-0.212595	-0.246029
1978	6	-0.417861	-0.201598	-0.262215
1978	7	-0.287322	-0.207144	-0.229855
1978	8	-0.498523	-0.20443	-0.287761
1978	9	-0.230197	-0.185466	-0.198066
1978	10	-0.132976	-0.218056	-0.194057
1978	11	0.09272	-0.136039	-0.071952
1978	12	-0.388404	-0.11516	-0.188856
1979	1	-0.459753	-0.058568	-0.165627
1979	2	-0.652604	-0.159514	-0.290748
1979	3	-0.229602	-0.085868	-0.124253
1979	4	-0.641098	-0.065203	-0.219269
1979	5	-0.278815	-0.105156	-0.151812
1979	6	-0.197823	-0.067506	-0.102763
1979	7	-0.157608	-0.084146	-0.104113
1979	8	-0.097528	-0.041881	-0.057076
1979	9	-0.047095	-0.021154	-0.028255
1979	10	0.141397	-0.017443	0.025825
1979	11	0.008494	0.017083	0.014753
1979	12	0.535669	0.058302	0.186481
1980	1	-0.211679	0.0916	0.010871
1980	2	-0.047108	0.085623	0.05031
1980	3	-0.483725	0.073151	-0.075816
1980	4	-0.006929	-0.005434	-0.005837
1980	5	0.115923	0.016232	0.04331
1980	6	-0.063787	-0.049596	-0.053485
1980	7	-0.034409	-0.081412	-0.068291
1980	8	-0.02533	-0.111358	-0.087275
1980	9	-0.039228	-0.097105	-0.080839
1980	10	0.044659	-0.132217	-0.08351
1980	11	0.400969	-0.102801	0.035629
1980	12	-0.044579	-0.069793	-0.063015
1981	1	0.791275	-0.024634	0.192956
1981	2	0.415744	-0.066554	0.06164
1981	3	0.452797	-0.044041	0.088108
1981	4	0.244209	-0.061451	0.021594
1981	5	-0.05601	-0.053233	-0.053997
1981	6	-0.039065	-0.001538	-0.011955
1981	7	-0.044085	-0.058333	-0.054332
1981	8	0.11162	-0.117678	-0.054335
1981	9	-0.100695	-0.101606	-0.101354
1981	10	-0.15656	-0.067664	-0.092004
1981	11	0.053505	-0.029323	-0.006789
1981	12	0.462321	0.029399	0.146396
1982	1	-0.532024	-0.046547	-0.176061
1982	2	-0.313165	-0.085801	-0.146451
1982	3	-0.651784	-0.114045	-0.257547
1982	4	-0.116737	-0.111547	-0.112942
1982	5	-0.232903	-0.072701	-0.117337
1982	6	-0.340587	-0.112934	-0.176242
1982	7	-0.064034	-0.167932	-0.138974
1982	8	-0.148897	-0.153234	-0.152022
1982	9	-0.009752	-0.05422	-0.041906
1982	10	-0.261582	-0.023786	-0.089348
1982	11	-0.413343	-0.020149	-0.12768
1982	12	0.279663	0.033902	0.100559
1983	1	0.479359	0.110558	0.208856
1983	2	0.37412	0.07114	0.151953
1983	3	0.106582	0.055082	0.068809
1983	4	-0.214701	0.021007	-0.042404
1983	5	-0.04798	0.003045	-0.010839
1983	6	-0.137858	0.026788	-0.018909
1983	7	0.088311	-0.033584	0.000131
1983	8	0.255994	-0.006764	0.06561
1983	9	0.261504	-0.021184	0.056606
1983	10	0.059024	-0.063394	-0.029511
1983	11	0.759404	-0.052153	0.170488
1983	12	-0.108967	-0.035485	-0.055496
1984	1	-0.032837	-0.017365	-0.021493
1984	2	-0.489984	-0.041236	-0.160738
1984	3	-0.045017	-0.054345	-0.051856
1984	4	-0.361871	-0.127761	-0.191055
1984	5	0.224273	-0.109137	-0.018012
1984	6	-0.251114	-0.151268	-0.179013
1984	7	-0.198882	-0.135499	-0.152912
1984	8	-0.123252	-0.09728	-0.104382
1984	9	-0.338019	-0.018755	-0.106415
1984	10	-0.154217	-0.11233	-0.123784
1984	11	-0.456735	-0.12563	-0.215618
1984	12	-1.16494	-0.129569	-0.409705
1985	1	-0.088056	-0.09516	-0.093265
1985	2	-0.832762	-0.084985	-0.28429
1985	3	-0.229526	-0.127302	-0.154568
1985	4	-0.172592	-0.192836	-0.18739
1985	5	-0.080718	-0.120652	-0.109861
1985	6	-0.217115	-0.146873	-0.166032
1985	7	-0.366258	-0.142101	-0.202988
1985	8	-0.074491	-0.16263	-0.138563
1985	9	-0.293032	-0.092847	-0.147344
1985	10	-0.157509	-0.108665	-0.121977
1985	11	-0.232174	-0.106314	-0.140659
1985	12	-0.226619	-0.072766	-0.114338
1986	1	0.361485	-0.134503	-0.001818
1986	2	0.050034	-0.068139	-0.036636
1986	3	0.118722	-0.122747	-0.058323
1986	4	0.075778	-0.12024	-0.067756
1986	5	0.059288	-0.105313	-0.060834
1986	6	-0.018619	-0.095887	-0.074748
1986	7	-0.197675	-0.102404	-0.128598
1986	8	-0.09458	-0.099928	-0.098461
1986	9	-0.214727	-0.0696	-0.109151
1986	10	-0.132312	-0.019115	-0.049868
1986	11	-0.288331	-0.051887	-0.116108
1986	12	-0.271027	-0.048876	-0.108907
1987	1	0.071209	-0.02314	0.002046
1987	2	0.680359	-0.034417	0.156266
1987	3	-0.387272	0.02745	-0.083865
1987	4	-0.117879	0.004388	-0.028569
1987	5	0.048634	0.033178	0.037375
1987	6	-0.014758	0.020244	0.010701
1987	7	0.289277	0.075395	0.133628
1987	8	0.060046	0.121294	0.104562
1987	9	0.233092	0.139798	0.165375
1987	10	-0.011873	0.120061	0.083964
1987	11	-0.136884	0.154461	0.074948
1987	12	0.473821	0.102287	0.202727
1988	1	0.401048	0.18647	0.243805
1988	2	-0.122102	0.183169	0.101731
1988	3	0.237569	0.148482	0.172272
1988	4	0.256404	0.086204	0.131807
1988	5	0.178159	0.046386	0.082103
1988	6	0.312519	0.003184	0.087258
1988	7	0.272125	-0.010556	0.066562
1988	8	0.19299	-0.008294	0.046699
1988	9	0.27132	-0.020592	0.059183
1988	10	0.265084	-0.041016	0.042679
1988	11	0.1595	-0.156859	-0.070655
1988	12	0.38465	-0.131033	0.008462
1989	1	-0.205934	-0.125951	-0.14737
1989	2	-0.000962	-0.0483	-0.03567
1989	3	0.140088	-0.060677	-0.007005
1989	4	-0.109241	-0.019067	-0.04321
1989	5	-0.007933	-0.054556	-0.041837
1989	6	-0.112944	-0.037836	-0.058371
1989	7	0.034618	0.010847	0.017387
1989	8	-0.004758	0.032357	0.022119
1989	9	0.023509	0.02219	0.022552
1989	10	0.165264	-0.03109	0.022559
1989	11	-0.06772	-0.03485	-0.043825
1989	12	0.303544	-0.01303	0.072586
1990	1	0.162358	-0.004303	0.040561
1990	2	0.120568	0.048445	0.067725
1990	3	1.159955	0.136077	0.409263
1990	4	0.351877	0.146144	0.201359
1990	5	0.222055	0.113858	0.142953
1990	6	0.204364	0.066118	0.103831
1990	7	0.020235	0.1083	0.084131
1990	8	0.159364	0.063431	0.089877
1990	9	0.061489	0.03631	0.04319
1990	10	0.385975	0.079932	0.163391
1990	11	0.595247	0.052899	0.200523
1990	12	0.253525	0.023505	0.085837
1991	1	0.283159	0.045176	0.109277
1991	2	0.338183	0.03536	0.116073
1991	3	-0.10422	0.048856	0.007924
1991	4	0.379286	0.116651	0.187585
1991	5	0.092689	0.076349	0.080789
1991	6	0.384509	0.087855	0.168843
1991	7	0.207826	0.079681	0.114795
1991	8	0.134231	0.047925	0.071719
1991	9	0.233428	0.005671	0.068292
1991	10	0.203213	-0.047344	0.02155
1991	11	0.137663	-0.014973	0.02682
1991	12	-0.137451	-0.01733	-0.049864
1992	1	0.582574	-0.021502	0.139872
1992	2	0.343244	0.000413	0.091941
1992	3	0.227791	0.031682	0.084015
1992	4	-0.168357	0.023454	-0.028507
1992	5	-0.09149	0.034262	-0.000083
1992	6	-0.189743	0.011478	-0.043645
1992	7	-0.453317	-0.085325	-0.187751
1992	8	-0.327565	-0.132549	-0.186635
1992	9	-0.499958	-0.136929	-0.237545
1992	10	-0.316305	-0.178948	-0.21693
1992	11	-0.378726	-0.177724	-0.232649
1992	12	0.026956	-0.126041	-0.084694
1993	1	0.274762	-0.040146	0.044649
1993	2	0.204445	-0.019244	0.040883
1993	3	0.312792	-0.04108	0.054033
1993	4	-0.074759	-0.006929	-0.025387
1993	5	-0.000257	0.038896	0.027979
1993	6	-0.008305	0.025012	0.015814
1993	7	0.023121	-0.052892	-0.031906
1993	8	-0.063869	-0.081321	-0.076483
1993	9	-0.215403	-0.064947	-0.106798
1993	10	0.024337	-0.070827	-0.044691
1993	11	-0.552508	-0.075017	-0.205781
1993	12	0.080062	-0.113475	-0.060907
1994	1	0.070575	-0.096123	-0.051273
1994	2	-0.7694	-0.08149	-0.265452
1994	3	0.204082	-0.044132	0.022795
1994	4	0.141636	-0.004782	0.035409
1994	5	0.286578	0.001986	0.080537
1994	6	0.314168	-0.004326	0.084072
1994	7	0.072952	-0.014119	0.009996
1994	8	0.035421	-0.008718	0.003527
1994	9	0.225367	-0.027875	0.04156
1994	10	0.44689	0.045002	0.1551
1994	11	0.473035	0.068056	0.178735
1994	12	0.09048	0.084143	0.085862
1995	1	0.632041	0.098677	0.243315
1995	2	1.102617	0.130793	0.392935
1995	3	0.310497	0.084779	0.145658
1995	4	0.171012	0.098865	0.118319
1995	5	0.102303	0.026288	0.047037
1995	6	0.435246	0.033893	0.143636
1995	7	0.268323	0.059844	0.116745
1995	8	0.535334	0.076553	0.202459
1995	9	0.418352	0.005913	0.118875
1995	10	0.552026	0.028973	0.171786
1995	11	0.515074	0.052055	0.178726
1995	12	0.070764	-0.029485	-0.002382
1996	1	-0.212638	-0.009582	-0.064259
1996	2	0.295932	0.059043	0.122745
1996	3	-0.193894	0.059686	-0.008395
1996	4	-0.360863	0.04091	-0.067516
1996	5	0.194832	0.014721	0.063815
1996	6	0.040327	0.022891	0.027651
1996	7	0.17784	-0.02557	0.030365
1996	8	0.092616	0.032332	0.048954
1996	9	-0.137627	0.001332	-0.037027
1996	10	-0.08518	-0.043967	-0.055353
1996	11	0.041044	0.008163	0.017191
1996	12	0.118357	0.028674	0.052979
1997	1	0.110605	-0.011341	0.021472
1997	2	0.254674	0.040334	0.098121
1997	3	0.269407	0.099424	0.145533
1997	4	0.15687	0.064786	0.089792
1997	5	0.049138	0.11493	0.096996
1997	6	0.312187	0.180241	0.216457
1997	7	0.220961	0.188551	0.197484
1997	8	0.324581	0.219415	0.248395
1997	9	0.515219	0.253744	0.325381
1997	10	0.601751	0.284416	0.371732
1997	11	0.349995	0.292271	0.308082
1997	12	0.299864	0.296699	0.297557
1998	1	0.308921	0.272635	0.282432
1998	2	1.206925	0.279704	0.528817
1998	3	0.41325	0.285764	0.32033
1998	4	0.780729	0.301095	0.431419
1998	5	0.607933	0.292822	0.378672
1998	6	0.674869	0.307771	0.408871
1998	7	0.877906	0.274921	0.44156
1998	8	0.834248	0.248074	0.409409
1998	9	0.578148	0.109503	0.238668
1998	10	0.518798	0.103326	0.218101
1998	11	0.100686	0.158184	0.142369
1998	12	0.682754	0.107226	0.26312
1999	1	0.59784	0.043316	0.192949
1999	2	1.20439	0.043847	0.357019
1999	3	-0.149594	0.116997	0.044706
1999	4	0.324155	0.067815	0.13735
1999	5	0.261105	0.009553	0.078638
1999	6	0.304364	0.018907	0.097846
1999	7	0.41615	-0.015916	0.102723
1999	8	0.276273	-0.021025	0.061004
1999	9	0.414601	-0.016485	0.102211
1999	10	0.424821	-0.050809	0.079493
1999	11	0.383014	-0.037273	0.077662
1999	12	0.76077	-0.009271	0.199501
2000	1	0.1042	-0.009703	0.020864
2000	2	0.596794	0.076353	0.216279
2000	3	0.567542	0.060407	0.197241
2000	4	0.88572	0.081634	0.302977
2000	5	0.358547	0.012179	0.107379
2000	6	0.303414	-0.010305	0.076415
2000	7	0.277825	0.023797	0.094328
2000	8	0.402873	0.068013	0.161206
2000	9	0.265615	0.086826	0.136237
2000	10	0.010348	0.065303	0.049981
2000	11	-0.173447	0.054797	-0.007925
2000	12	-0.215474	0.071904	-0.006006
2001	1	0.34414	0.080783	0.152247
2001	2	0.035493	0.088252	0.073994
2001	3	0.67023	0.149152	0.290445
2001	4	0.509511	0.160217	0.255482
2001	5	0.658417	0.156122	0.29369
2001	6	0.366667	0.178004	0.229828
2001	7	0.560842	0.198242	0.298302
2001	8	0.632751	0.193554	0.314386
2001	9	0.444339	0.179984	0.252491
2001	10	0.385999	0.20018	0.251143
2001	11	1.098636	0.186137	0.436167
2001	12	0.33043	0.20281	0.237471
2002	1	0.995932	0.168082	0.391551
2002	2	1.216256	0.16328	0.446025
2002	3	1.057575	0.246152	0.464572
2002	4	0.330844	0.214802	0.246261
2002	5	0.419561	0.210532	0.267547
2002	6	0.44656	0.220527	0.282506
2002	7	0.732999	0.175482	0.328957
2002	8	0.564099	0.153972	0.266738
2002	9	0.597703	0.186657	0.299668
2002	10	0.330069	0.187337	0.226473
2002	11	0.716129	0.171848	0.320735
2002	12	-0.023104	0.223331	0.156445
2003	1	0.933062	0.202433	0.399961
2003	2	0.460576	0.175944	0.252779
2003	3	0.337995	0.222427	0.253605
2003	4	0.406375	0.191641	0.249767
2003	5	0.582334	0.196245	0.301224
2003	6	0.374172	0.184204	0.236233
2003	7	0.494164	0.228166	0.300938
2003	8	0.616711	0.26603	0.361988
2003	9	0.623649	0.263635	0.361983
2003	10	0.944417	0.290728	0.470991
2003	11	0.458047	0.236843	0.297658
2003	12	1.037447	0.208584	0.433155
2004	1	0.551365	0.203741	0.297956
2004	2	0.823118	0.237675	0.396215
2004	3	0.786843	0.185916	0.347902
2004	4	0.411885	0.215185	0.268548
2004	5	0.094357	0.13031	0.120546
2004	6	0.24429	0.12926	0.160559
2004	7	0.145675	0.178356	0.169404
2004	8	0.223796	0.221231	0.221932
2004	9	0.423505	0.213332	0.270797
2004	10	0.605026	0.230424	0.33292
2004	11	1.171883	0.221673	0.481538
2004	12	0.194436	0.169662	0.176365
2005	1	0.685985	0.205251	0.33396
2005	2	0.263748	0.198245	0.215786
2005	3	0.829936	0.223408	0.386358
2005	4	0.871301	0.20705	0.38602
2005	5	0.613352	0.233515	0.336369
2005	6	0.705954	0.217177	0.349842
2005	7	0.695247	0.239091	0.363959
2005	8	0.535398	0.259114	0.334758
2005	9	0.86463	0.221574	0.397537
2005	10	1.001848	0.194087	0.41501
2005	11	1.219851	0.159846	0.449232
2005	12	0.710357	0.150172	0.301669
2006	1	0.290486	0.152043	0.189041
2006	2	0.820807	0.191206	0.359533
2006	3	0.653797	0.147639	0.282977
2006	4	0.291934	0.15262	0.189973
2006	5	0.295007	0.201053	0.226388
2006	6	0.734187	0.203273	0.347424
2006	7	0.650082	0.204149	0.325767
2006	8	0.682188	0.240969	0.361403
2006	9	0.634659	0.254666	0.358803
2006	10	0.860408	0.239494	0.410107
2006	11	0.645763	0.265876	0.369926
2006	12	1.05138	0.248297	0.465866
2007	1	1.556174	0.251448	0.601503
2007	2	0.666736	0.231068	0.347799
2007	3	0.731612	0.158137	0.312084
2007	4	1.021987	0.162451	0.394047
2007	5	0.737015	0.112817	0.281676
2007	6	0.43539	0.156067	0.232008
2007	7	0.56943	0.149804	0.264102
2007	8	0.634901	0.127336	0.265919
2007	9	0.780137	0.120053	0.300716
2007	10	0.814858	0.093705	0.291308
2007	11	0.870244	0.017703	0.251254
2007	12	0.558823	-0.01019	0.144492
2008	1	-0.193789	0.009453	-0.045369
2008	2	0.116373	-0.004338	0.028022
2008	3	1.352485	0.036135	0.390494
2008	4	0.380883	0.075457	0.157915
2008	5	0.454662	0.093707	0.191621
2008	6	0.474231	0.124722	0.219945
2008	7	0.610296	0.169136	0.289798
2008	8	0.481752	0.192191	0.271341
2008	9	0.462199	0.195022	0.267836
2008	10	1.026535	0.172253	0.406019
2008	11	1.084614	0.132197	0.392841
2008	12	0.386573	0.142565	0.209026
2009	1	0.647469	0.150011	0.283922
2009	2	0.551743	0.092664	0.215644
2009	3	0.496375	0.116779	0.218781
2009	4	0.640299	0.171286	0.297929
2009	5	0.382354	0.219637	0.263689
2009	6	0.461059	0.31695	0.356185
2009	7	0.486785	0.322515	0.367411
2009	8	0.653227	0.337105	0.423593
2009	9	0.914357	0.264887	0.442305
2009	10	0.634301	0.274227	0.372744
2009	11	0.771366	0.302941	0.431176
2009	12	0.159011	0.381133	0.320881
2010	1	0.623196	0.345599	0.420145
2010	2	0.699342	0.370349	0.45847
2010	3	1.047595	0.332891	0.524714
2010	4	0.988359	0.356274	0.526666
2010	5	0.835712	0.3025	0.446953
2010	6	0.844565	0.275734	0.431034
2010	7	0.885716	0.267053	0.43616
2010	8	0.778484	0.258852	0.40121
2010	9	0.662196	0.218703	0.33976
2010	10	0.899585	0.160506	0.363343
2010	11	1.33435	0.152903	0.476379
2010	12	0.159963	0.120834	0.131463
2011	1	0.201457	0.131582	0.150326
2011	2	0.098834	0.120157	0.114436
2011	3	0.488728	0.159097	0.247506
2011	4	0.770772	0.122115	0.296517
2011	5	0.4476	0.147096	0.228485
2011	6	0.70469	0.188471	0.32917
2011	7	0.783222	0.187964	0.350769
2011	8	0.777775	0.194208	0.353846
2011	9	0.741697	0.151997	0.313251
2011	10	0.937267	0.121082	0.345173
2011	11	0.469445	0.130429	0.223363
2011	12	0.561518	0.092483	0.219951
2012	1	0.228828	0.092517	0.129395
2012	2	0.032192	0.141692	0.112265
2012	3	0.38337	0.08022	0.161672
2012	4	1.030959	0.169361	0.402169
2012	5	0.971626	0.217997	0.422232
2012	6	0.904452	0.215068	0.402761
2012	7	0.778997	0.255791	0.398893
2012	8	0.697833	0.30144	0.409526
2012	9	0.87214	0.301041	0.456781
2012	10	0.838989	0.281879	0.434699
2012	11	0.907425	0.256547	0.434575
2012	12	-0.117394	0.245403	0.147021
2013	1	0.620655	0.186126	0.302938
2013	2	0.721608	0.177155	0.323327
2013	3	0.58866	0.212381	0.313427
2013	4	0.341561	0.226559	0.257537
2013	5	0.767439	0.214139	0.363989
2013	6	0.768119	0.224018	0.372715
2013	7	0.566354	0.281932	0.359852
2013	8	0.602004	0.309256	0.389421
2013	9	0.715158	0.277861	0.397529
2013	10	0.741185	0.265973	0.396537
2013	11	1.253027	0.265462	0.536282
2013	12	0.664535	0.216938	0.338659
2014	1	0.745093	0.244865	0.379308
2014	2	-0.127367	0.250958	0.149732
2014	3	0.861557	0.248005	0.412512
2014	4	0.906113	0.313145	0.473457
2014	5	0.818996	0.351954	0.478768
2014	6	0.675051	0.370237	0.453325
2014	7	0.539819	0.365548	0.413338
2014	8	0.797696	0.426303	0.528274
2014	9	0.737076	0.419844	0.506738
2014	10	0.81566	0.370235	0.492437
2014	11	0.491273	0.324232	0.369922
2014	12	0.922725	0.323628	0.486146
2015	1	1.071156	0.309568	0.514161
2015	2	NaN	0.283032	0.531561
2015	3	1.188778	0.342253	0.569643
2015	4	0.723662	0.387564	0.478489
2015	5	0.953852	0.431114	0.572828
2015	6	0.970209	0.450481	0.592113
2015	7	0.805794	0.452416	0.549143
2015	8	0.930281	0.496821	0.615019
2015	9	1.007675	0.531764	0.661234
2015	10	1.278786	0.575194	0.767931
2015	11	1.153364	0.571867	0.730868
2015	12	1.539458	0.553987	0.821197
2016	1	1.282282	0.633798	0.807314
2016	2	1.93488	0.553042	0.922358
2016	3	2.007566	0.569012	0.954468
2016	4	1.510366	0.522221	0.787748
2016	5	0.946826	0.498852	0.619853
2016	6	0.918293	0.501179	0.614376
2016	7	0.928711	0.503714	0.6197
2016	8	1.130774	0.512684	0.681675
2016	9	1.151422	0.479526	0.662555
2016	10	0.683433	0.462104	0.522503
2016	11	0.868726	0.376674	0.509925
2016	12	0.874529	0.357069	0.495988
2017	1	1.248677	0.450673	0.66384
2017	2	1.297875	0.460039	0.683874
2017	3	1.451218	0.467949	0.730981
2017	4	0.979081	0.447094	0.589756
2017	5	0.919052	0.416225	0.551852
2017	6	0.873282	0.398859	0.527191
2017	7	0.972127	0.467436	0.604504
2017	8	1.002028	0.483989	0.625128
2017	9	1.023645	0.412049	0.578127
2017	10	0.920825	0.40472	0.545486
2017	11	0.946908	0.375513	0.530828
2017	12	1.124875	0.326292	0.541885
2018	1	0.774131	0.315322	0.438055
2018	2	0.735455	0.316491	0.428471
2018	3	1.093452	0.330934	0.535024
2018	4	0.90289	0.370699	NaN
2018	5	0.878366	0.350323	0.492856
2018	6	0.798221	0.341457	NaN
2018	7	0.942474	0.366479	0.523985
2018	8	0.769109	0.40099	0.501668
2018	9	0.847817	0.430789	0.544585
2018	10	1.123636	0.480041	0.656116
2018	11	0.684507	0.446148	0.511118
2018	12	0.813839	0.457341	0.553972
2019	1	1.231769	0.394594	0.619376
2019	2	0.686653	0.450625	0.513945
2019	3	1.488931	0.465338	0.7395
2019	4	1.129223	0.455402	0.636562
2019	5	0.786788	NaN	0.541093
2019	6	0.986379	0.497976	0.630777
2019	7	0.927046	0.511606	0.624895
2019	8	0.854122	0.534699	0.622036
2019	9	1.132529	0.478511	0.657061
2019	10	1.204067	0.482757	0.680138
2019	11	1.04175	0.48774	0.638996
2019	12	1.324501	0.494407	0.719744
2020	1	1.67882	0.505374	0.82055
2020	2	1.774452	0.476702	0.82475
2020	3	1.624977	0.528234	0.822826
2020	4	1.187285	0.54152	0.715336
2020	5	1.018085	0.470633	0.619258
2020	6	0.963959	0.465016	0.600844
2020	7	0.961946	0.480749	0.612323
2020	8	0.979774	0.510396	0.63878
